predicted_score,label
42.0,Very Poor
42.0,Very Poor
58.5,Very Poor
288.53020371306275,Poor
995.4933124476688,Excellent
490.8557906271628,Poor
129.21433982683982,Very Poor
1000.0,Excellent
42.0,Very Poor
42.0,Very Poor
644.1121800423679,Fair
743.7573392200392,Good
1000.0,Excellent
1000.0,Excellent
179.81721557685665,Very Poor
42.0,Very Poor
122.93880730325593,Very Poor
1000.0,Excellent
63.08,Very Poor
42.0,Very Poor
236.0851788927868,Poor
760.8258998901639,Good
54.0,Very Poor
42.0,Very Poor
58.5,Very Poor
442.0,Poor
347.36279036614224,Poor
72.0,Very Poor
619.4364801408469,Fair
383.5503345538324,Poor
72.0,Very Poor
466.09,Poor
471.915,Poor
42.0,Very Poor
42.0,Very Poor
62.01818181818182,Very Poor
58.5,Very Poor
42.0,Very Poor
515.1461402495579,Fair
580.3049200904811,Fair
72.0,Very Poor
783.3114023515614,Good
442.0,Poor
847.7449813675364,Good
475.01700518313925,Poor
42.0,Very Poor
42.0,Very Poor
488.97458031004373,Poor
144.7083334065214,Very Poor
503.2955192334186,Fair
524.8823458899258,Fair
42.0,Very Poor
83.93547270376678,Very Poor
384.74956862097076,Poor
877.7412727799283,Good
963.0992805890752,Excellent
451.432058611324,Poor
442.0,Poor
433.7133333333333,Poor
52.666666666666686,Very Poor
999.3457142857142,Excellent
32.0,Very Poor
42.0,Very Poor
56.85714285714287,Very Poor
783.3257317190316,Good
487.36615922171904,Poor
209.65523809523788,Poor
72.0,Very Poor
72.0,Very Poor
42.0,Very Poor
677.8255947505447,Fair
442.0,Poor
817.3043478260863,Good
55.3333333333333,Very Poor
602.4731633221771,Fair
717.9003263403267,Good
42.0,Very Poor
72.0,Very Poor
680.2068449500537,Fair
630.3917597566083,Fair
82.90142292490111,Very Poor
62.01818181818182,Very Poor
42.0,Very Poor
42.0,Very Poor
42.0,Very Poor
221.5034433871401,Poor
42.0,Very Poor
32.0,Very Poor
56.85714285714287,Very Poor
42.0,Very Poor
42.0,Very Poor
55.3333333333333,Very Poor
62.0,Very Poor
42.0,Very Poor
54.0,Very Poor
32.0,Very Poor
42.0,Very Poor
554.9665677004532,Fair
42.0,Very Poor
72.0,Very Poor
264.30489417989423,Poor
42.0,Very Poor
42.0,Very Poor
42.0,Very Poor
586.078850946323,Fair
42.0,Very Poor
522.2469841269841,Fair
42.0,Very Poor
42.0,Very Poor
53.03,Very Poor
42.0,Very Poor
565.4265742237776,Fair
62.0,Very Poor
42.0,Very Poor
451.11018239332356,Poor
1000.0,Excellent
42.0,Very Poor
997.9481967213115,Excellent
990.0043240385469,Excellent
442.0,Poor
203.64519803445413,Poor
42.0,Very Poor
1000.0,Excellent
41.92,Very Poor
496.2976210431038,Poor
42.0,Very Poor
120.88909184927338,Very Poor
55.3333333333333,Very Poor
42.0,Very Poor
976.6700408887727,Excellent
42.0,Very Poor
62.0,Very Poor
364.5548201797754,Poor
42.0,Very Poor
62.0,Very Poor
1000.0,Excellent
46.337211870255395,Very Poor
996.7220894660894,Excellent
42.0,Very Poor
103.77709132361947,Very Poor
370.7630426788338,Poor
42.0,Very Poor
538.5357048001217,Fair
216.481042144071,Poor
42.0,Very Poor
718.0884953893546,Good
581.935135339577,Fair
42.0,Very Poor
174.13589636860846,Very Poor
163.64704042682646,Very Poor
42.0,Very Poor
1000.0,Excellent
72.0,Very Poor
85.29117794486214,Very Poor
1000.0,Excellent
428.08697173968426,Poor
55.3333333333333,Very Poor
532.7168922941322,Fair
103.82628292277262,Very Poor
2.075833549390716,Very Poor
42.0,Very Poor
42.0,Very Poor
999.8725,Excellent
664.8814233952885,Fair
62.0,Very Poor
996.7678571428571,Excellent
42.0,Very Poor
797.9698373730544,Good
965.5505806091988,Excellent
72.0,Very Poor
197.0317103074224,Very Poor
42.0,Very Poor
1000.0,Excellent
72.0,Very Poor
42.0,Very Poor
42.0,Very Poor
75.79261904761904,Very Poor
497.97930024885034,Poor
199.86183267897295,Very Poor
386.07034784137636,Poor
72.0,Very Poor
787.6773531484703,Good
536.1787628539993,Fair
491.04723244367386,Poor
42.0,Very Poor
42.0,Very Poor
42.0,Very Poor
123.98201609501592,Very Poor
1000.0,Excellent
479.69514774983656,Poor
806.871807466356,Good
58.5,Very Poor
912.6422221785189,Excellent
42.0,Very Poor
42.0,Very Poor
42.0,Very Poor
262.3517405418923,Poor
97.33108336057526,Very Poor
42.0,Very Poor
42.0,Very Poor
42.0,Very Poor
978.5643866761227,Excellent
1000.0,Excellent
72.0,Very Poor
42.0,Very Poor
42.0,Very Poor
979.8473787886844,Excellent
1000.0,Excellent
82.0,Very Poor
54.0,Very Poor
441.36880952380955,Poor
522.5,Fair
42.0,Very Poor
42.0,Very Poor
724.5709673490522,Good
72.0,Very Poor
42.0,Very Poor
55.3333333333333,Very Poor
62.0,Very Poor
42.0,Very Poor
42.0,Very Poor
748.3035690235686,Good
32.0,Very Poor
780.9011033282146,Good
102.0,Very Poor
819.9062333008758,Good
442.0,Poor
56.85714285714287,Very Poor
56.85714285714287,Very Poor
205.15666045491085,Poor
1000.0,Excellent
42.0,Very Poor
329.59812624198594,Poor
32.0,Very Poor
42.0,Very Poor
98.66990514249045,Very Poor
73.55740259740263,Very Poor
93.36535876303574,Very Poor
266.76525920448984,Poor
528.7326317229906,Fair
42.0,Very Poor
454.2258103754959,Poor
459.99560505493434,Poor
72.0,Very Poor
42.0,Very Poor
559.4175,Fair
442.0,Poor
1000.0,Excellent
52.0,Very Poor
693.8509523809523,Fair
42.0,Very Poor
53.03,Very Poor
594.9478513198193,Fair
42.0,Very Poor
67.10285714285716,Very Poor
42.0,Very Poor
493.2804229511055,Poor
63.81818181818192,Very Poor
42.0,Very Poor
1000.0,Excellent
355.98077115694804,Poor
42.0,Very Poor
42.0,Very Poor
72.0,Very Poor
42.0,Very Poor
42.0,Very Poor
42.0,Very Poor
737.6164024864025,Good
671.4051662675384,Fair
173.54123122955653,Very Poor
131.82425922761448,Very Poor
42.0,Very Poor
710.0103526749342,Good
477.3585284214242,Poor
111.7,Very Poor
42.0,Very Poor
42.0,Very Poor
72.0,Very Poor
58.5,Very Poor
94.18130036630042,Very Poor
42.0,Very Poor
522.5198693758351,Fair
42.0,Very Poor
92.93660913218191,Very Poor
42.0,Very Poor
414.85010326174677,Poor
62.0,Very Poor
32.0,Very Poor
225.6179024681621,Poor
58.5,Very Poor
42.0,Very Poor
58.5,Very Poor
593.4723419262875,Fair
42.0,Very Poor
182.2402261119942,Very Poor
42.0,Very Poor
72.0,Very Poor
420.1566219868957,Poor
494.86533316356827,Poor
42.0,Very Poor
160.53022046723302,Very Poor
817.3043478260863,Good
142.8713922687282,Very Poor
977.353753360195,Excellent
42.0,Very Poor
124.18569380825576,Very Poor
62.0,Very Poor
669.4694191881371,Fair
875.554199254091,Good
941.6391332282215,Excellent
72.0,Very Poor
716.7625787597597,Good
340.16635140932317,Poor
72.0,Very Poor
889.8304840084429,Good
42.0,Very Poor
62.0,Very Poor
72.0,Very Poor
58.5,Very Poor
512.9964165749262,Fair
746.8892686431992,Good
42.0,Very Poor
84.37863897008077,Very Poor
444.16942008661067,Poor
636.9107296047407,Fair
58.5,Very Poor
453.50661438062554,Poor
42.0,Very Poor
72.0,Very Poor
392.19891600531923,Poor
72.0,Very Poor
42.0,Very Poor
1000.0,Excellent
76.2518181818182,Very Poor
42.0,Very Poor
760.6396574440053,Good
997.4535209235208,Excellent
315.1186660714918,Poor
756.6545454545454,Good
442.0,Poor
42.0,Very Poor
42.0,Very Poor
986.7524603174613,Excellent
537.3149537602735,Fair
751.1386748759795,Good
42.0,Very Poor
459.951228712183,Poor
491.280660718706,Poor
72.0,Very Poor
32.0,Very Poor
906.3693289251902,Excellent
657.6178322040288,Fair
698.294403321713,Fair
42.0,Very Poor
55.3333333333333,Very Poor
442.0,Poor
850.7704367503908,Good
796.5391304347816,Good
157.79709896697102,Very Poor
58.5,Very Poor
869.241229690817,Good
59.12666666666666,Very Poor
355.8458649776932,Poor
42.0,Very Poor
214.1513332506507,Poor
72.0,Very Poor
42.0,Very Poor
42.0,Very Poor
42.0,Very Poor
993.8193485669706,Excellent
42.0,Very Poor
42.0,Very Poor
349.72254999603365,Poor
779.6267183767595,Good
476.1027025277342,Poor
42.0,Very Poor
72.0,Very Poor
408.1804285839607,Poor
42.0,Very Poor
42.0,Very Poor
41.92,Very Poor
42.0,Very Poor
65.66666666666674,Very Poor
308.9614565826327,Poor
72.0,Very Poor
42.0,Very Poor
574.2925322624359,Fair
1000.0,Excellent
42.0,Very Poor
55.3333333333333,Very Poor
225.188896545091,Poor
42.0,Very Poor
42.0,Very Poor
243.3577059328026,Poor
72.0,Very Poor
32.0,Very Poor
46.68715118642304,Very Poor
599.6949172466253,Fair
716.6010256410257,Good
993.5479487179487,Excellent
80.31246031746018,Very Poor
1000.0,Excellent
102.0,Very Poor
255.80393620093403,Poor
42.0,Very Poor
42.0,Very Poor
102.0,Very Poor
289.8057614607611,Poor
102.0,Very Poor
671.7758890096015,Fair
442.0,Poor
75.79261904761904,Very Poor
72.0,Very Poor
42.0,Very Poor
441.7044397003069,Poor
614.1768351309614,Fair
72.0,Very Poor
190.8709795574553,Very Poor
1000.0,Excellent
4.3,Very Poor
232.9653586004434,Poor
50.70161078687397,Very Poor
442.0,Poor
991.4825,Excellent
32.0,Very Poor
442.0,Poor
42.0,Very Poor
992.9895801665873,Excellent
42.0,Very Poor
42.0,Very Poor
1000.0,Excellent
649.3983982070222,Fair
1000.0,Excellent
55.3333333333333,Very Poor
42.0,Very Poor
92.0,Very Poor
543.0607518880013,Fair
42.0,Very Poor
58.5,Very Poor
283.6937126872452,Poor
429.0470660714947,Poor
107.57716143532508,Very Poor
1000.0,Excellent
42.0,Very Poor
442.0,Poor
42.0,Very Poor
72.0,Very Poor
1000.0,Excellent
1000.0,Excellent
32.0,Very Poor
992.7973310321632,Excellent
80.64866910866915,Very Poor
102.9491307032839,Very Poor
42.0,Very Poor
42.0,Very Poor
25.98519657864441,Very Poor
128.415953503712,Very Poor
42.0,Very Poor
79.792857142857,Very Poor
42.0,Very Poor
42.0,Very Poor
42.0,Very Poor
42.0,Very Poor
1000.0,Excellent
79.94,Very Poor
1000.0,Excellent
42.0,Very Poor
854.0221183153164,Good
995.9059627777102,Excellent
42.0,Very Poor
632.2403854336216,Fair
442.0,Poor
454.2347995509491,Poor
42.0,Very Poor
42.0,Very Poor
42.0,Very Poor
32.0,Very Poor
42.0,Very Poor
42.0,Very Poor
977.2510245310242,Excellent
731.1991752405028,Good
54.0,Very Poor
699.5513117894784,Fair
55.3333333333333,Very Poor
65.505,Very Poor
42.0,Very Poor
42.0,Very Poor
322.63,Poor
230.71309523809526,Poor
1000.0,Excellent
42.0,Very Poor
92.0,Very Poor
1000.0,Excellent
39.193015873015845,Very Poor
998.1216666666667,Excellent
693.8392142579642,Fair
42.0,Very Poor
699.2577546776695,Fair
74.71000000000006,Very Poor
1000.0,Excellent
42.0,Very Poor
149.6545126055802,Very Poor
427.205,Poor
915.8164776417589,Excellent
42.0,Very Poor
55.3333333333333,Very Poor
686.102661753754,Fair
42.0,Very Poor
42.0,Very Poor
371.11136024106617,Poor
80.31246031746018,Very Poor
42.0,Very Poor
175.93787436772539,Very Poor
42.0,Very Poor
727.8028604042147,Good
291.185546265753,Poor
99.90666666666667,Very Poor
131.32545019505008,Very Poor
390.1859650359963,Poor
442.0,Poor
92.0,Very Poor
55.3333333333333,Very Poor
442.0,Poor
72.0,Very Poor
42.0,Very Poor
178.36569248034257,Very Poor
442.0,Poor
64.21888888888888,Very Poor
42.0,Very Poor
42.0,Very Poor
794.2113410227366,Good
42.0,Very Poor
42.0,Very Poor
107.90524683905488,Very Poor
42.0,Very Poor
127.83597006286155,Very Poor
42.0,Very Poor
866.6087598598488,Good
92.0,Very Poor
998.7477702439405,Excellent
706.2449253137135,Good
295.7894005003108,Poor
62.66007365300675,Very Poor
154.62780701754386,Very Poor
42.0,Very Poor
786.420127442135,Good
239.83641131221378,Poor
1000.0,Excellent
251.8824657139636,Poor
42.0,Very Poor
62.0,Very Poor
273.57951399988065,Poor
110.9236923076924,Very Poor
540.4069729381157,Fair
101.10552807928521,Very Poor
336.0077743240194,Poor
999.7859901800326,Excellent
62.0,Very Poor
442.0,Poor
42.0,Very Poor
72.0,Very Poor
630.1269375415692,Fair
387.9453163897139,Poor
542.774066293184,Fair
766.720413446653,Good
102.0,Very Poor
63.81818181818192,Very Poor
257.36211180124224,Poor
72.0,Very Poor
42.0,Very Poor
446.7974160762509,Poor
92.0,Very Poor
1000.0,Excellent
657.6571090092132,Fair
72.0,Very Poor
148.6672654492951,Very Poor
72.0,Very Poor
72.0,Very Poor
970.0212439966843,Excellent
42.0,Very Poor
118.89751231527103,Very Poor
968.085,Excellent
568.7889666805816,Fair
74.71000000000006,Very Poor
450.6680601270805,Poor
188.42377354421197,Very Poor
1000.0,Excellent
42.0,Very Poor
42.0,Very Poor
72.0,Very Poor
42.0,Very Poor
989.8093148213396,Excellent
42.0,Very Poor
174.37215461099606,Very Poor
42.0,Very Poor
42.0,Very Poor
32.0,Very Poor
607.3014285714286,Fair
42.0,Very Poor
111.74090803932911,Very Poor
986.9531046511627,Excellent
210.20741452991427,Poor
159.78498025589587,Very Poor
398.5422787101017,Poor
75.79261904761904,Very Poor
969.9875,Excellent
820.7899602645005,Good
192.51782554771336,Very Poor
203.04390976164706,Poor
652.4554999578964,Fair
201.549885669455,Poor
828.9837174146858,Good
411.71,Poor
62.0,Very Poor
499.4210576351756,Poor
113.02696133496121,Very Poor
42.0,Very Poor
144.06428074534887,Very Poor
33.13151515151512,Very Poor
1000.0,Excellent
114.23424908424907,Very Poor
91.66810552021077,Very Poor
998.5264285714287,Excellent
42.0,Very Poor
438.445,Poor
55.3333333333333,Very Poor
72.0,Very Poor
53.03,Very Poor
42.0,Very Poor
113.1389792599033,Very Poor
231.73357556515862,Poor
56.85714285714287,Very Poor
69.74412066956685,Very Poor
42.0,Very Poor
42.0,Very Poor
42.0,Very Poor
102.0,Very Poor
72.0,Very Poor
72.0,Very Poor
796.5391304347816,Good
58.5,Very Poor
56.85714285714287,Very Poor
80.64866910866915,Very Poor
42.0,Very Poor
351.6085427851329,Poor
32.0,Very Poor
442.78,Poor
42.0,Very Poor
999.5719803600654,Excellent
993.14,Excellent
737.9601456899494,Good
670.861597728768,Fair
606.4137099168486,Fair
42.0,Very Poor
203.45479016037774,Poor
431.5721428571429,Poor
122.54453685117771,Very Poor
803.5894648829421,Good
42.0,Very Poor
987.8601848627362,Excellent
754.9445119498716,Good
124.87858127988537,Very Poor
87.82599233477102,Very Poor
92.0,Very Poor
42.0,Very Poor
42.0,Very Poor
629.8029305477132,Fair
442.0,Poor
387.7537021592678,Poor
72.0,Very Poor
596.7191437143288,Fair
42.0,Very Poor
42.0,Very Poor
72.0,Very Poor
42.0,Very Poor
42.0,Very Poor
42.0,Very Poor
369.0555840047688,Poor
72.0,Very Poor
42.0,Very Poor
62.0,Very Poor
845.1145771779696,Good
1000.0,Excellent
406.57893807397517,Poor
54.0,Very Poor
82.0,Very Poor
556.5179304693172,Fair
425.22415838668644,Poor
62.0,Very Poor
1000.0,Excellent
42.0,Very Poor
94.66992063492066,Very Poor
62.01818181818182,Very Poor
42.0,Very Poor
992.9190422246072,Excellent
442.0,Poor
42.0,Very Poor
78.00666666666667,Very Poor
530.6197629438577,Fair
651.8428468940878,Fair
1000.0,Excellent
42.0,Very Poor
65.66666666666674,Very Poor
65.505,Very Poor
1000.0,Excellent
1000.0,Excellent
55.3333333333333,Very Poor
181.40747641937375,Very Poor
74.71000000000006,Very Poor
42.0,Very Poor
320.0344306418219,Poor
42.0,Very Poor
42.0,Very Poor
169.11554597075468,Very Poor
42.0,Very Poor
42.0,Very Poor
442.0,Poor
608.0776136910886,Fair
42.0,Very Poor
424.8158478423804,Poor
42.0,Very Poor
42.0,Very Poor
442.0,Poor
727.5135276805572,Good
72.0,Very Poor
42.0,Very Poor
182.75405384599625,Very Poor
442.0,Poor
42.0,Very Poor
5.510925069309403,Very Poor
298.1029516938785,Poor
542.2839419985221,Fair
474.8800939206908,Poor
147.26378737518257,Very Poor
92.0,Very Poor
72.0,Very Poor
491.8766518867721,Poor
589.4579580266761,Fair
42.0,Very Poor
255.693986013986,Poor
251.17290270384376,Poor
72.0,Very Poor
42.0,Very Poor
806.9210817658991,Good
42.0,Very Poor
554.6687229437226,Fair
446.32524372428435,Poor
42.0,Very Poor
42.0,Very Poor
72.0,Very Poor
736.6261498271846,Good
42.0,Very Poor
564.8699841335192,Fair
802.5485745039905,Good
1000.0,Excellent
54.0,Very Poor
499.44108131442454,Poor
468.4119005546881,Poor
42.0,Very Poor
72.0,Very Poor
42.0,Very Poor
640.6461146126862,Fair
72.0,Very Poor
42.0,Very Poor
42.0,Very Poor
42.0,Very Poor
42.0,Very Poor
431.63980763488763,Poor
779.9320964026228,Good
42.0,Very Poor
447.7670964421575,Poor
79.6399999999999,Very Poor
42.0,Very Poor
998.9299509001637,Excellent
32.0,Very Poor
615.2089306359002,Fair
1000.0,Excellent
1000.0,Excellent
505.3888888888889,Fair
417.78742623399825,Poor
72.0,Very Poor
700.8628389196795,Good
42.0,Very Poor
580.3167328789993,Fair
122.55617947913595,Very Poor
62.0,Very Poor
55.3333333333333,Very Poor
83.45,Very Poor
72.0,Very Poor
42.0,Very Poor
42.0,Very Poor
32.0,Very Poor
103.30322344322343,Very Poor
42.0,Very Poor
42.0,Very Poor
42.0,Very Poor
42.0,Very Poor
32.0,Very Poor
42.0,Very Poor
42.0,Very Poor
42.0,Very Poor
42.0,Very Poor
345.1797147874323,Poor
42.0,Very Poor
74.71000000000006,Very Poor
166.84516894869827,Very Poor
119.97321839080467,Very Poor
62.0,Very Poor
191.77201679963287,Very Poor
355.5694322472072,Poor
60.222222222222314,Very Poor
42.0,Very Poor
58.5,Very Poor
82.80449494949495,Very Poor
42.0,Very Poor
42.0,Very Poor
432.885,Poor
42.0,Very Poor
442.0,Poor
634.89,Fair
42.0,Very Poor
72.0,Very Poor
42.0,Very Poor
72.0,Very Poor
142.92614434665532,Very Poor
42.0,Very Poor
1000.0,Excellent
380.12555555555554,Poor
352.3960678451983,Poor
244.6256485948434,Poor
72.0,Very Poor
72.0,Very Poor
627.4133095115266,Fair
318.02917471417464,Poor
814.5305714181618,Good
42.0,Very Poor
72.0,Very Poor
999.3286046511628,Excellent
42.0,Very Poor
42.0,Very Poor
42.0,Very Poor
55.3333333333333,Very Poor
58.5,Very Poor
42.0,Very Poor
42.0,Very Poor
676.6345851162863,Fair
72.0,Very Poor
525.2218527249573,Fair
447.3515025517426,Poor
126.04846153846167,Very Poor
72.0,Very Poor
130.79376646903813,Very Poor
111.42511358850507,Very Poor
42.0,Very Poor
796.5391304347816,Good
42.0,Very Poor
592.4123657575135,Fair
72.0,Very Poor
433.7133333333333,Poor
189.49961009116592,Very Poor
42.0,Very Poor
496.9823266276207,Poor
42.0,Very Poor
525.5336703562965,Fair
42.0,Very Poor
63.81818181818192,Very Poor
249.01432847193328,Poor
817.3043478260863,Good
42.0,Very Poor
62.0,Very Poor
42.0,Very Poor
607.6891117983951,Fair
42.0,Very Poor
42.0,Very Poor
72.0,Very Poor
503.39634700990814,Fair
42.0,Very Poor
42.0,Very Poor
69.6657142857143,Very Poor
96.62915037662714,Very Poor
447.66162762074566,Poor
32.0,Very Poor
42.0,Very Poor
42.0,Very Poor
52.666666666666686,Very Poor
993.4875394171079,Excellent
1000.0,Excellent
54.0,Very Poor
72.0,Very Poor
213.55737874557394,Poor
76.16857142857143,Very Poor
202.8225138601498,Poor
42.0,Very Poor
277.7988587693142,Poor
1000.0,Excellent
642.2698213502027,Fair
459.71782132871135,Poor
62.0,Very Poor
72.0,Very Poor
776.0514138200668,Good
997.5170547885608,Excellent
974.4549546420287,Excellent
72.0,Very Poor
72.0,Very Poor
42.0,Very Poor
442.0,Poor
42.0,Very Poor
42.0,Very Poor
524.8343918448797,Fair
193.06761904761905,Very Poor
456.4222012877393,Poor
32.0,Very Poor
998.2276190476191,Excellent
372.5678095178479,Poor
92.0,Very Poor
42.0,Very Poor
72.0,Very Poor
42.0,Very Poor
1000.0,Excellent
67.17333333333332,Very Poor
42.0,Very Poor
72.0,Very Poor
72.0,Very Poor
42.0,Very Poor
378.09442615672424,Poor
156.30508919759077,Very Poor
58.5,Very Poor
130.277654478466,Very Poor
42.0,Very Poor
519.0891101183471,Fair
999.5719803600655,Excellent
250.77782913165268,Poor
155.68311683173062,Very Poor
72.0,Very Poor
42.0,Very Poor
67.10285714285716,Very Poor
42.0,Very Poor
72.0,Very Poor
3.3954335627652643,Very Poor
42.0,Very Poor
772.1897993311031,Good
42.0,Very Poor
42.0,Very Poor
776.068213525451,Good
72.0,Very Poor
432.885,Poor
56.85714285714287,Very Poor
442.0,Poor
934.8727613502227,Excellent
1000.0,Excellent
42.0,Very Poor
56.85714285714287,Very Poor
42.0,Very Poor
378.02193237959216,Poor
429.8147105765383,Poor
42.0,Very Poor
42.0,Very Poor
42.0,Very Poor
395.7122222222222,Poor
72.0,Very Poor
880.936556044804,Good
396.73873937575627,Poor
533.8713457545921,Fair
637.1159679814109,Fair
32.0,Very Poor
239.22417369608607,Poor
994.3217261567246,Excellent
489.4096285038838,Poor
42.0,Very Poor
136.9730962020435,Very Poor
206.67879007071565,Poor
42.0,Very Poor
72.0,Very Poor
42.0,Very Poor
42.0,Very Poor
42.0,Very Poor
585.9930183593514,Fair
306.1840343412313,Poor
42.0,Very Poor
122.7467513276196,Very Poor
888.0082826461736,Good
91.87,Very Poor
42.0,Very Poor
72.0,Very Poor
72.0,Very Poor
442.0,Poor
398.29224087428594,Poor
42.0,Very Poor
147.5650252997028,Very Poor
999.715,Excellent
68.8298894926519,Very Poor
42.0,Very Poor
56.85714285714287,Very Poor
42.0,Very Poor
42.0,Very Poor
998.5890909090908,Excellent
180.49242459969247,Very Poor
42.0,Very Poor
42.0,Very Poor
72.0,Very Poor
111.7,Very Poor
1000.0,Excellent
83.45,Very Poor
494.0376829637224,Poor
42.0,Very Poor
788.4587318990563,Good
433.7133333333333,Poor
398.5716833890747,Poor
1000.0,Excellent
72.0,Very Poor
985.1463106079286,Excellent
179.43619250061593,Very Poor
42.0,Very Poor
32.0,Very Poor
111.11764511526118,Very Poor
72.0,Very Poor
65.66666666666674,Very Poor
42.0,Very Poor
998.540634920635,Excellent
42.0,Very Poor
32.0,Very Poor
32.0,Very Poor
72.0,Very Poor
72.0,Very Poor
42.0,Very Poor
837.617820033065,Good
985.339272005772,Excellent
306.09698276967015,Poor
42.0,Very Poor
86.86400855987809,Very Poor
42.0,Very Poor
442.0,Poor
42.0,Very Poor
42.0,Very Poor
42.0,Very Poor
726.1682112898554,Good
471.988884577411,Poor
55.3333333333333,Very Poor
42.0,Very Poor
928.5002433689308,Excellent
442.0,Poor
940.9561424796391,Excellent
72.0,Very Poor
63.81818181818192,Very Poor
42.0,Very Poor
442.0,Poor
80.63333333333327,Very Poor
998.1567624213535,Excellent
45.81270145059623,Very Poor
42.0,Very Poor
116.35923076923082,Very Poor
72.0,Very Poor
42.0,Very Poor
72.0,Very Poor
442.0,Poor
442.0,Poor
113.82007289336497,Very Poor
1000.0,Excellent
809.2644494976631,Good
62.0,Very Poor
72.0,Very Poor
72.0,Very Poor
250.09714783367014,Poor
989.5275401484724,Excellent
126.05904414353856,Very Poor
42.0,Very Poor
42.0,Very Poor
37.51642439431913,Very Poor
58.5,Very Poor
474.09,Poor
188.09972574312837,Very Poor
42.0,Very Poor
114.9811880341882,Very Poor
56.85714285714287,Very Poor
72.0,Very Poor
273.4346557638511,Poor
69.02333333333333,Very Poor
42.0,Very Poor
52.0,Very Poor
42.0,Very Poor
1000.0,Excellent
230.4223051948052,Poor
334.6739194155927,Poor
42.0,Very Poor
420.545824668216,Poor
189.61357345396246,Very Poor
42.0,Very Poor
42.0,Very Poor
42.0,Very Poor
42.0,Very Poor
1000.0,Excellent
42.0,Very Poor
92.36,Very Poor
42.0,Very Poor
32.0,Very Poor
42.0,Very Poor
106.26349743310313,Very Poor
369.7424409412888,Poor
42.0,Very Poor
99.90666666666667,Very Poor
999.9179831932773,Excellent
452.3898809043069,Poor
654.9042836657659,Fair
42.0,Very Poor
55.3333333333333,Very Poor
54.0,Very Poor
494.8630637185117,Poor
42.0,Very Poor
102.0,Very Poor
42.0,Very Poor
442.0,Poor
304.38593802531693,Poor
752.5364712993053,Good
817.3043478260863,Good
60.222222222222314,Very Poor
473.32453314659193,Poor
719.6700086755345,Good
54.0,Very Poor
685.2867734403424,Fair
66.0,Very Poor
42.0,Very Poor
54.0,Very Poor
72.0,Very Poor
130.41675971538052,Very Poor
72.0,Very Poor
442.0,Poor
42.0,Very Poor
151.65471230621822,Very Poor
42.0,Very Poor
318.89288515406173,Poor
384.1069145355887,Poor
1000.0,Excellent
94.8399314574315,Very Poor
303.95925465838513,Poor
72.0,Very Poor
109.91636784268375,Very Poor
42.0,Very Poor
136.04477497791723,Very Poor
72.0,Very Poor
101.25477282950962,Very Poor
69.02333333333333,Very Poor
131.50909817103297,Very Poor
42.0,Very Poor
42.0,Very Poor
730.18,Good
42.0,Very Poor
146.52598600080765,Very Poor
491.622885976641,Poor
105.43677871148464,Very Poor
765.804543836535,Good
42.0,Very Poor
42.0,Very Poor
42.0,Very Poor
722.9977777777779,Good
42.0,Very Poor
200.74650161929583,Poor
442.0,Poor
298.03567146168325,Poor
42.0,Very Poor
604.2108648209146,Fair
33.13151515151512,Very Poor
762.3583717360992,Good
42.0,Very Poor
839.3241962724793,Good
55.3333333333333,Very Poor
1000.0,Excellent
450.7788888888889,Poor
782.804218113342,Good
42.0,Very Poor
42.0,Very Poor
202.47703400031432,Poor
72.0,Very Poor
892.0720016786242,Good
42.0,Very Poor
576.1762935963225,Fair
42.0,Very Poor
202.8352616436558,Poor
42.0,Very Poor
55.3333333333333,Very Poor
125.20104614599319,Very Poor
411.71,Poor
91.02742063492055,Very Poor
42.0,Very Poor
42.0,Very Poor
287.2133833012865,Poor
236.51897568118162,Poor
143.85124989506042,Very Poor
952.2529485843555,Excellent
994.8122562543838,Excellent
72.0,Very Poor
637.0948085143374,Fair
115.01416811258918,Very Poor
601.3406462161721,Fair
442.0,Poor
42.0,Very Poor
42.0,Very Poor
11.816972531958323,Very Poor
72.0,Very Poor
183.17305506151743,Very Poor
53.03,Very Poor
163.02107542939325,Very Poor
356.9280296298043,Poor
56.85714285714287,Very Poor
78.00666666666667,Very Poor
1000.0,Excellent
770.6386518658494,Good
844.7567126801354,Good
806.7652173913048,Good
62.01818181818182,Very Poor
431.56428571428575,Poor
63.08,Very Poor
32.0,Very Poor
42.0,Very Poor
118.90467742421372,Very Poor
42.0,Very Poor
1000.0,Excellent
42.0,Very Poor
68.31500000000011,Very Poor
237.17455128205128,Poor
321.79213738401086,Poor
92.0,Very Poor
442.0,Poor
42.0,Very Poor
472.8674923398581,Poor
56.85714285714287,Very Poor
81.13686868686868,Very Poor
869.8465051664757,Good
328.07193925439714,Poor
739.0289233801423,Good
470.27316139688776,Poor
42.0,Very Poor
72.0,Very Poor
63.81818181818192,Very Poor
69.6657142857143,Very Poor
72.0,Very Poor
42.0,Very Poor
63.81818181818192,Very Poor
42.0,Very Poor
975.6420007898508,Excellent
82.0,Very Poor
42.0,Very Poor
42.0,Very Poor
930.7420906905822,Excellent
82.0,Very Poor
466.62446552326475,Poor
54.0,Very Poor
42.0,Very Poor
42.0,Very Poor
67.10285714285716,Very Poor
72.0,Very Poor
448.33821684432695,Poor
42.0,Very Poor
42.0,Very Poor
600.3699774307325,Fair
42.0,Very Poor
442.0,Poor
42.0,Very Poor
92.390696688932,Very Poor
311.89141414300013,Poor
442.0,Poor
72.0,Very Poor
42.0,Very Poor
91.87,Very Poor
72.0,Very Poor
42.0,Very Poor
999.0725,Excellent
442.0,Poor
228.89335883796278,Poor
442.0,Poor
717.449301981727,Good
42.0,Very Poor
487.29035269055885,Poor
71.20214285714285,Very Poor
495.0440126870336,Poor
1000.0,Excellent
92.0,Very Poor
72.0,Very Poor
520.7187619468656,Fair
735.1214389136867,Good
69.37267399267407,Very Poor
126.65424660548256,Very Poor
62.0,Very Poor
64.04666666666667,Very Poor
72.0,Very Poor
86.92515151515153,Very Poor
1000.0,Excellent
212.7583568686068,Poor
713.9820022784509,Good
943.73184400732,Excellent
38.526190476190465,Very Poor
67.10285714285716,Very Poor
42.0,Very Poor
442.0,Poor
717.3320850860889,Good
730.3542777029734,Good
72.0,Very Poor
55.3333333333333,Very Poor
72.0,Very Poor
431.5721428571429,Poor
589.8435050059799,Fair
42.0,Very Poor
998.3365457355883,Excellent
72.0,Very Poor
42.0,Very Poor
572.873896322939,Fair
1000.0,Excellent
120.09142857142857,Very Poor
51.57023936847465,Very Poor
394.2082120128644,Poor
451.3013896064407,Poor
42.0,Very Poor
579.9460630074874,Fair
576.3057862943682,Fair
878.9103618100552,Good
42.0,Very Poor
42.0,Very Poor
72.0,Very Poor
42.0,Very Poor
62.0,Very Poor
440.7364249737374,Poor
65.61651515151516,Very Poor
146.7660977668024,Very Poor
42.0,Very Poor
32.0,Very Poor
508.5317068793681,Fair
442.0,Poor
78.00666666666667,Very Poor
370.27747821499054,Poor
297.1420512820512,Poor
63.81818181818192,Very Poor
42.0,Very Poor
42.0,Very Poor
63.81818181818192,Very Poor
110.4,Very Poor
42.0,Very Poor
42.0,Very Poor
209.91027319912172,Poor
196.96485666807868,Very Poor
62.01818181818182,Very Poor
279.81700316023836,Poor
422.6154935397088,Poor
42.0,Very Poor
42.0,Very Poor
72.0,Very Poor
134.8512362751849,Very Poor
42.0,Very Poor
411.71,Poor
914.7646292337324,Excellent
102.0,Very Poor
565.9082398752678,Fair
42.0,Very Poor
42.0,Very Poor
72.0,Very Poor
114.26274410148635,Very Poor
42.0,Very Poor
42.0,Very Poor
42.0,Very Poor
42.0,Very Poor
327.4783185249118,Poor
806.7652173913048,Good
52.0,Very Poor
42.0,Very Poor
42.0,Very Poor
531.4,Fair
442.0,Poor
998.575,Excellent
90.26556776556794,Very Poor
416.8623469368236,Poor
62.0,Very Poor
127.2783979622785,Very Poor
722.9977777777779,Good
579.9069558756696,Fair
55.3333333333333,Very Poor
32.0,Very Poor
432.27142857142854,Poor
743.860220411343,Good
42.0,Very Poor
572.5909523809526,Fair
85.2187370864429,Very Poor
429.73339857844877,Poor
42.0,Very Poor
252.22206131364794,Poor
32.0,Very Poor
442.0,Poor
42.0,Very Poor
42.0,Very Poor
72.0,Very Poor
58.5,Very Poor
95.53845238095236,Very Poor
1000.0,Excellent
547.7162956606683,Fair
480.8973623710041,Poor
42.0,Very Poor
32.0,Very Poor
42.0,Very Poor
148.01893333919259,Very Poor
772.1897993311031,Good
1000.0,Excellent
522.5,Fair
235.37358912196865,Poor
505.10813559556925,Fair
224.62562120885352,Poor
150.2597286378371,Very Poor
890.2337335709072,Good
759.2836702962086,Good
42.0,Very Poor
42.0,Very Poor
63.81818181818192,Very Poor
938.9,Excellent
42.0,Very Poor
32.0,Very Poor
581.2310947541075,Fair
201.0,Poor
558.7448786337812,Fair
55.3333333333333,Very Poor
42.0,Very Poor
42.0,Very Poor
974.3627077308656,Excellent
872.2334632337916,Good
82.00705595058537,Very Poor
42.0,Very Poor
42.0,Very Poor
42.0,Very Poor
42.0,Very Poor
254.5799488250155,Poor
442.0,Poor
144.90878687858932,Very Poor
42.0,Very Poor
42.0,Very Poor
136.24706841981654,Very Poor
442.0,Poor
42.0,Very Poor
381.3983536867737,Poor
358.8206156594947,Poor
444.87195445324375,Poor
709.6577135849101,Good
42.0,Very Poor
384.73581333288615,Poor
117.07142857142875,Very Poor
56.85714285714287,Very Poor
685.814152967206,Fair
230.0720417795964,Poor
1000.0,Excellent
373.4076585757885,Poor
998.3371112999151,Excellent
32.0,Very Poor
635.5171162109561,Fair
632.742391464238,Fair
42.0,Very Poor
42.0,Very Poor
42.0,Very Poor
950.916100311516,Excellent
42.0,Very Poor
613.0090890785629,Fair
54.0,Very Poor
56.85714285714287,Very Poor
798.8800209570919,Good
778.8013201071609,Good
114.9811880341882,Very Poor
55.3333333333333,Very Poor
354.7681137992832,Poor
72.0,Very Poor
42.0,Very Poor
847.0972408019571,Good
42.0,Very Poor
65.61651515151516,Very Poor
42.0,Very Poor
42.0,Very Poor
72.0,Very Poor
999.408408931494,Excellent
623.554155730965,Fair
42.0,Very Poor
60.222222222222314,Very Poor
348.23926269167396,Poor
42.0,Very Poor
42.0,Very Poor
92.06682980702162,Very Poor
42.0,Very Poor
42.0,Very Poor
72.0,Very Poor
207.0336646188178,Poor
42.0,Very Poor
42.0,Very Poor
995.905,Excellent
72.0,Very Poor
247.73052449965516,Poor
42.0,Very Poor
473.15680430049775,Poor
42.0,Very Poor
102.0,Very Poor
1000.0,Excellent
42.0,Very Poor
274.3623529411766,Poor
442.0,Poor
32.0,Very Poor
42.0,Very Poor
42.0,Very Poor
72.0,Very Poor
417.1457328597712,Poor
42.0,Very Poor
683.7055970307015,Fair
42.0,Very Poor
711.8386934118512,Good
42.0,Very Poor
1000.0,Excellent
42.0,Very Poor
781.7712851082513,Good
364.81579091582347,Poor
527.0493560681917,Fair
442.0,Poor
42.0,Very Poor
42.0,Very Poor
42.0,Very Poor
42.0,Very Poor
42.0,Very Poor
286.65285714285716,Poor
72.0,Very Poor
531.6579913549667,Fair
72.0,Very Poor
1000.0,Excellent
487.88625933706817,Poor
102.0,Very Poor
42.0,Very Poor
42.0,Very Poor
32.0,Very Poor
559.505771411824,Fair
42.0,Very Poor
246.4987819745191,Poor
511.03350823857994,Fair
42.0,Very Poor
579.955059459235,Fair
42.0,Very Poor
65.66666666666674,Very Poor
380.13711626248784,Poor
511.5460756563695,Fair
92.0,Very Poor
708.2308449452722,Good
501.7297047154516,Fair
522.8565670805797,Fair
54.0,Very Poor
46.958735536999704,Very Poor
79.22398229221767,Very Poor
323.3703836636063,Poor
784.2352129995613,Good
735.8018746405033,Good
548.4842239650555,Fair
32.0,Very Poor
368.2649781889961,Poor
82.0,Very Poor
42.0,Very Poor
72.0,Very Poor
725.00822714412,Good
256.97939818489806,Poor
42.0,Very Poor
156.08119966989526,Very Poor
741.7106331827665,Good
377.75486315158486,Poor
42.0,Very Poor
62.0,Very Poor
638.1574591041051,Fair
42.0,Very Poor
42.0,Very Poor
525.2837792335008,Fair
42.0,Very Poor
490.46894321364897,Poor
72.0,Very Poor
560.6964827074237,Fair
603.2258813606717,Fair
1000.0,Excellent
42.0,Very Poor
42.0,Very Poor
996.824395283701,Excellent
42.0,Very Poor
428.5998249299721,Poor
232.985805744113,Poor
62.0,Very Poor
584.0413839851221,Fair
796.5391304347816,Good
85.50038628038628,Very Poor
42.0,Very Poor
733.835704908332,Good
551.1954919950656,Fair
961.7672893695889,Excellent
54.0,Very Poor
860.2039964757066,Good
42.0,Very Poor
194.37957760680374,Very Poor
42.0,Very Poor
496.80067592778653,Poor
54.0,Very Poor
778.0209133225296,Good
651.2137541399683,Fair
52.666666666666686,Very Poor
462.2763239415255,Poor
58.726453089244934,Very Poor
56.85714285714287,Very Poor
52.0,Very Poor
231.6899278153413,Poor
60.222222222222314,Very Poor
42.0,Very Poor
981.6679492150001,Excellent
41.92,Very Poor
999.3738888888889,Excellent
784.0002060905986,Good
42.0,Very Poor
72.0,Very Poor
72.0,Very Poor
992.0822681591214,Excellent
78.71047619047629,Very Poor
62.0,Very Poor
509.1226335371565,Fair
658.2967702542824,Fair
505.3672560375502,Fair
42.0,Very Poor
42.0,Very Poor
281.29380952380956,Poor
42.0,Very Poor
442.0,Poor
42.0,Very Poor
204.52102167098656,Poor
914.5130046491719,Excellent
873.3727009533085,Good
218.39099583708636,Poor
773.253392813552,Good
534.3848215614174,Fair
139.91289627257956,Very Poor
42.0,Very Poor
586.5946413297335,Fair
36.91864661654135,Very Poor
926.7248918232129,Excellent
42.0,Very Poor
42.0,Very Poor
130.41675971538052,Very Poor
998.0256034024455,Excellent
470.1856219580158,Poor
42.0,Very Poor
72.0,Very Poor
42.0,Very Poor
8.56090835785115,Very Poor
765.768307887613,Good
439.0441295306002,Poor
762.5771826648815,Good
990.5971797894075,Excellent
72.0,Very Poor
195.93011484725514,Very Poor
92.0,Very Poor
86.10473526473534,Very Poor
42.0,Very Poor
173.93896071932366,Very Poor
999.2076190476189,Excellent
531.951274460091,Fair
72.0,Very Poor
186.51809352079997,Very Poor
145.54688623851646,Very Poor
42.0,Very Poor
42.0,Very Poor
42.0,Very Poor
72.0,Very Poor
42.0,Very Poor
42.0,Very Poor
62.0,Very Poor
62.0,Very Poor
55.3333333333333,Very Poor
736.6797766484723,Good
351.219657064166,Poor
32.0,Very Poor
72.0,Very Poor
681.63101485294,Fair
42.0,Very Poor
3.696113813946631,Very Poor
42.0,Very Poor
42.0,Very Poor
615.3809958765983,Fair
130.0188798920378,Very Poor
54.0,Very Poor
154.97333333333333,Very Poor
1000.0,Excellent
42.0,Very Poor
54.0,Very Poor
42.0,Very Poor
892.2467759515405,Good
42.0,Very Poor
440.4857024814098,Poor
42.0,Very Poor
42.0,Very Poor
201.21817809582248,Poor
112.3161904761905,Very Poor
42.0,Very Poor
916.0371601616621,Excellent
267.0153993855607,Poor
42.0,Very Poor
868.112822123385,Good
42.0,Very Poor
208.327744284434,Poor
599.4728106812235,Fair
42.0,Very Poor
55.3333333333333,Very Poor
42.0,Very Poor
42.0,Very Poor
42.0,Very Poor
115.35350630850644,Very Poor
55.3333333333333,Very Poor
78.99669366865024,Very Poor
1000.0,Excellent
42.0,Very Poor
62.0,Very Poor
1000.0,Excellent
42.0,Very Poor
1000.0,Excellent
72.0,Very Poor
75.28827505827518,Very Poor
42.0,Very Poor
79.792857142857,Very Poor
870.1288772029236,Good
986.8861095832275,Excellent
897.5864826537369,Good
986.9958393733918,Excellent
923.5957528450429,Excellent
996.5008828037488,Excellent
42.0,Very Poor
42.0,Very Poor
54.0,Very Poor
67.80809523809523,Very Poor
42.0,Very Poor
145.8428014399462,Very Poor
266.0976679467591,Poor
42.0,Very Poor
42.0,Very Poor
716.2972452092966,Good
838.7910646745685,Good
67.4935259087401,Very Poor
652.8511995690388,Fair
442.0,Poor
1000.0,Excellent
184.19962792173092,Very Poor
464.09,Poor
42.0,Very Poor
42.0,Very Poor
42.0,Very Poor
187.95723885977804,Very Poor
72.0,Very Poor
74.06177933177945,Very Poor
72.0,Very Poor
888.1513171322991,Good
1000.0,Excellent
42.0,Very Poor
72.0,Very Poor
42.0,Very Poor
145.3039575300087,Very Poor
206.4614723824618,Poor
72.0,Very Poor
42.0,Very Poor
42.0,Very Poor
42.0,Very Poor
548.0726512180591,Fair
72.0,Very Poor
135.80419740917324,Very Poor
54.0,Very Poor
504.54336041882664,Fair
532.9585996124774,Fair
42.0,Very Poor
65.505,Very Poor
619.1314950860213,Fair
1000.0,Excellent
373.44185734631117,Poor
42.0,Very Poor
157.30128745538775,Very Poor
524.2013724241542,Fair
42.0,Very Poor
42.0,Very Poor
42.0,Very Poor
72.0,Very Poor
1000.0,Excellent
430.5664744079452,Poor
32.0,Very Poor
113.33285087719301,Very Poor
32.0,Very Poor
72.0,Very Poor
42.0,Very Poor
72.0,Very Poor
466.09,Poor
842.255253611873,Good
72.0,Very Poor
42.0,Very Poor
8.330490719552502,Very Poor
42.0,Very Poor
42.0,Very Poor
1000.0,Excellent
72.0,Very Poor
666.1629241052922,Fair
651.55021315641,Fair
62.0,Very Poor
42.0,Very Poor
1000.0,Excellent
42.0,Very Poor
42.0,Very Poor
264.729774901888,Poor
42.0,Very Poor
42.0,Very Poor
42.0,Very Poor
42.0,Very Poor
42.0,Very Poor
593.8996246817695,Fair
42.0,Very Poor
982.3810425424724,Excellent
202.1143588887796,Poor
42.0,Very Poor
132.06166706361253,Very Poor
415.8821169764595,Poor
817.3043478260863,Good
81.4642368742368,Very Poor
42.0,Very Poor
471.64912907974787,Poor
72.0,Very Poor
76.38333333333334,Very Poor
58.5,Very Poor
42.0,Very Poor
422.1219675701712,Poor
991.8271315147751,Excellent
546.2561325583259,Fair
42.0,Very Poor
442.0,Poor
105.00996926595344,Very Poor
442.0,Poor
42.0,Very Poor
1000.0,Excellent
972.0868569932594,Excellent
910.8071687159729,Excellent
72.0,Very Poor
42.0,Very Poor
432.3553190164956,Poor
42.0,Very Poor
42.0,Very Poor
986.5319392893923,Excellent
42.0,Very Poor
149.28263936112592,Very Poor
749.9077995210982,Good
158.05991704400304,Very Poor
42.0,Very Poor
62.0,Very Poor
244.37739956813598,Poor
664.2062594275583,Fair
169.17506687592447,Very Poor
42.0,Very Poor
42.0,Very Poor
516.9271713173695,Fair
82.90142292490111,Very Poor
42.0,Very Poor
54.0,Very Poor
58.5,Very Poor
541.982982387789,Fair
72.0,Very Poor
92.0,Very Poor
42.0,Very Poor
414.95801611396365,Poor
72.0,Very Poor
998.5375271512114,Excellent
56.85714285714287,Very Poor
42.0,Very Poor
593.2459944058469,Fair
42.0,Very Poor
55.3333333333333,Very Poor
42.0,Very Poor
72.0,Very Poor
72.0,Very Poor
269.98782608695655,Poor
42.0,Very Poor
72.0,Very Poor
537.2316434111749,Fair
55.3333333333333,Very Poor
411.71,Poor
993.7835248203328,Excellent
42.0,Very Poor
217.3415485622832,Poor
42.0,Very Poor
1000.0,Excellent
733.4964471125111,Good
42.0,Very Poor
151.49896409681452,Very Poor
72.0,Very Poor
72.0,Very Poor
658.6010220900332,Fair
110.83166332218512,Very Poor
42.0,Very Poor
32.0,Very Poor
463.0204103188437,Poor
42.0,Very Poor
42.0,Very Poor
870.8132669689658,Good
42.0,Very Poor
696.2910544511236,Fair
72.0,Very Poor
72.0,Very Poor
124.68867132724601,Very Poor
735.0633401089676,Good
873.9339023814232,Good
461.72723707664886,Poor
748.9569023569021,Good
654.4714171732583,Fair
58.5,Very Poor
485.10624292803266,Poor
889.0524814041131,Good
42.0,Very Poor
143.8590194450485,Very Poor
92.0,Very Poor
817.3043478260863,Good
42.0,Very Poor
71.2230036630036,Very Poor
42.0,Very Poor
724.2879398536679,Good
65.66666666666674,Very Poor
730.18,Good
96.93200345114863,Very Poor
81.13686868686868,Very Poor
42.0,Very Poor
560.0958411149385,Fair
66.0,Very Poor
140.04962036249972,Very Poor
32.0,Very Poor
1000.0,Excellent
999.3579705400982,Excellent
60.222222222222314,Very Poor
72.0,Very Poor
56.85714285714287,Very Poor
999.7859901800326,Excellent
575.8729531981485,Fair
693.9242154373393,Fair
576.2653990973255,Fair
56.85714285714287,Very Poor
216.3,Poor
42.0,Very Poor
185.85972938351162,Very Poor
42.0,Very Poor
42.0,Very Poor
4.763928571428572,Very Poor
442.0,Poor
244.44973440479615,Poor
77.20262219086881,Very Poor
609.1873718274642,Fair
42.0,Very Poor
423.1015125747274,Poor
42.0,Very Poor
715.0523802439576,Good
413.5525108337277,Poor
999.0128017012228,Excellent
42.0,Very Poor
72.0,Very Poor
62.0,Very Poor
42.0,Very Poor
774.5475506638245,Good
52.666666666666686,Very Poor
42.0,Very Poor
385.2180449657868,Poor
691.3652235247366,Fair
58.5,Very Poor
374.44794084319716,Poor
442.0,Poor
58.5,Very Poor
391.5606288475194,Poor
32.0,Very Poor
56.85714285714287,Very Poor
1000.0,Excellent
877.8670525673458,Good
802.3554002115047,Good
42.0,Very Poor
114.67646759486303,Very Poor
55.3333333333333,Very Poor
677.4639623212029,Fair
32.0,Very Poor
42.0,Very Poor
32.0,Very Poor
56.85714285714287,Very Poor
1000.0,Excellent
593.451072776033,Fair
72.0,Very Poor
85.50038628038628,Very Poor
99.46379629066591,Very Poor
74.71000000000006,Very Poor
677.3012538516674,Fair
134.03207140879402,Very Poor
793.7659665181869,Good
196.98326139965044,Very Poor
660.2841286491274,Fair
42.0,Very Poor
396.51,Poor
92.2626370851371,Very Poor
78.00666666666667,Very Poor
42.0,Very Poor
458.94,Poor
695.8809438043992,Fair
638.8016207414001,Fair
749.4627877822674,Good
997.7532414369257,Excellent
42.0,Very Poor
462.4346393797008,Poor
42.0,Very Poor
644.8034038347868,Fair
42.0,Very Poor
72.0,Very Poor
627.386832167717,Fair
42.0,Very Poor
42.0,Very Poor
449.8923905886656,Poor
184.34761904761905,Very Poor
541.564865701349,Fair
94.0045357085643,Very Poor
42.0,Very Poor
678.1544604766104,Fair
42.0,Very Poor
772.0326486369783,Good
42.0,Very Poor
42.0,Very Poor
72.0,Very Poor
241.6860266078623,Poor
648.5547739479803,Fair
32.0,Very Poor
436.44690646963363,Poor
32.0,Very Poor
72.0,Very Poor
991.7426610085822,Excellent
42.0,Very Poor
42.0,Very Poor
42.0,Very Poor
54.0,Very Poor
42.0,Very Poor
430.926587408248,Poor
999.7859901800326,Excellent
42.0,Very Poor
92.0,Very Poor
42.0,Very Poor
42.0,Very Poor
42.0,Very Poor
42.0,Very Poor
51.676783310765025,Very Poor
442.0,Poor
831.9847754719838,Good
110.9236923076924,Very Poor
142.0946646026832,Very Poor
42.0,Very Poor
151.10715308932012,Very Poor
442.0,Poor
42.0,Very Poor
42.0,Very Poor
42.0,Very Poor
42.0,Very Poor
389.78963411428236,Poor
72.0,Very Poor
42.0,Very Poor
42.0,Very Poor
72.0,Very Poor
602.2856349717079,Fair
163.51954287453103,Very Poor
482.95652100347513,Poor
32.0,Very Poor
42.0,Very Poor
158.4975470297908,Very Poor
42.0,Very Poor
442.0,Poor
42.0,Very Poor
546.5977636690567,Fair
475.1526269277035,Poor
42.0,Very Poor
42.0,Very Poor
442.0,Poor
180.9271651877533,Very Poor
593.1066500600847,Fair
42.0,Very Poor
86.44175638371286,Very Poor
54.0,Very Poor
42.0,Very Poor
471.5298534227152,Poor
962.8826756900683,Excellent
1000.0,Excellent
101.05215050539273,Very Poor
72.0,Very Poor
194.40087790152262,Very Poor
56.85714285714287,Very Poor
58.5,Very Poor
564.8011403069181,Fair
1000.0,Excellent
42.0,Very Poor
36.09597402597406,Very Poor
69.37267399267407,Very Poor
494.27777198373946,Poor
72.0,Very Poor
42.0,Very Poor
970.9014740858037,Excellent
448.42414015454136,Poor
42.0,Very Poor
342.07417240211447,Poor
432.6128571428571,Poor
964.1546794393678,Excellent
42.0,Very Poor
32.0,Very Poor
838.443277341069,Good
42.0,Very Poor
91.87,Very Poor
449.9881639446023,Poor
411.1489615185451,Poor
145.19792664959675,Very Poor
1.9866666666666666,Very Poor
52.0,Very Poor
818.1762700274978,Good
42.0,Very Poor
548.6579698697183,Fair
983.0034571875642,Excellent
691.4123910875386,Fair
449.12513908529246,Poor
971.33,Excellent
68.03080586080594,Very Poor
42.0,Very Poor
72.0,Very Poor
885.1723394560411,Good
42.0,Very Poor
611.5752307644256,Fair
802.8417570885883,Good
42.0,Very Poor
42.0,Very Poor
393.5249723884283,Poor
809.0278343391942,Good
142.75365700023286,Very Poor
42.0,Very Poor
806.7652173913048,Good
42.0,Very Poor
56.85714285714287,Very Poor
54.0,Very Poor
72.0,Very Poor
75.79261904761904,Very Poor
72.0,Very Poor
42.0,Very Poor
253.39639751552798,Poor
42.0,Very Poor
191.21997168432787,Very Poor
52.666666666666686,Very Poor
42.0,Very Poor
42.0,Very Poor
975.2805803844108,Excellent
42.0,Very Poor
451.42894635843965,Poor
42.0,Very Poor
380.80577319185426,Poor
42.0,Very Poor
42.0,Very Poor
42.0,Very Poor
42.0,Very Poor
72.0,Very Poor
42.0,Very Poor
42.0,Very Poor
909.6261683311158,Excellent
42.0,Very Poor
999.7859901800326,Excellent
289.60269841269843,Poor
228.43256240868084,Poor
513.3939301844044,Fair
42.0,Very Poor
687.9723610871392,Fair
681.6163038899441,Fair
62.0,Very Poor
926.8062200111319,Excellent
646.5024078934142,Fair
42.0,Very Poor
42.0,Very Poor
179.5232158233758,Very Poor
82.0,Very Poor
113.49603790437887,Very Poor
123.65978932300847,Very Poor
54.0,Very Poor
55.3333333333333,Very Poor
42.0,Very Poor
65.505,Very Poor
42.0,Very Poor
42.0,Very Poor
42.0,Very Poor
178.50759958074676,Very Poor
72.0,Very Poor
72.0,Very Poor
67.10285714285716,Very Poor
72.0,Very Poor
751.6626500330065,Good
72.0,Very Poor
853.8922752654263,Good
442.0,Poor
72.0,Very Poor
72.0,Very Poor
98.67913586413606,Very Poor
1000.0,Excellent
156.53182256481267,Very Poor
52.666666666666686,Very Poor
165.84874526048745,Very Poor
42.0,Very Poor
42.0,Very Poor
342.05358625472104,Poor
62.0,Very Poor
442.0,Poor
998.42,Excellent
859.9891924137283,Good
42.0,Very Poor
42.0,Very Poor
442.0,Poor
42.0,Very Poor
62.0,Very Poor
72.0,Very Poor
1000.0,Excellent
1000.0,Excellent
42.0,Very Poor
666.1867958536252,Fair
395.5122222222222,Poor
42.0,Very Poor
42.0,Very Poor
42.0,Very Poor
1000.0,Excellent
969.1907035094932,Excellent
42.0,Very Poor
150.62795133787773,Very Poor
72.0,Very Poor
442.73107959715054,Poor
42.0,Very Poor
42.0,Very Poor
89.99247835497829,Very Poor
427.06020163728897,Poor
42.0,Very Poor
489.34830952269795,Poor
165.33807431719444,Very Poor
442.0,Poor
42.0,Very Poor
111.4,Very Poor
42.0,Very Poor
296.21879605442433,Poor
58.5,Very Poor
62.0,Very Poor
62.0,Very Poor
42.0,Very Poor
42.0,Very Poor
42.0,Very Poor
42.0,Very Poor
69.02333333333333,Very Poor
42.0,Very Poor
42.0,Very Poor
998.1066666666667,Excellent
58.5,Very Poor
54.0,Very Poor
42.0,Very Poor
42.0,Very Poor
474.35761371707093,Poor
467.2359739280327,Poor
72.0,Very Poor
42.0,Very Poor
442.0,Poor
58.5,Very Poor
42.0,Very Poor
54.0,Very Poor
997.941386002886,Excellent
72.0,Very Poor
72.0,Very Poor
42.0,Very Poor
42.0,Very Poor
42.0,Very Poor
174.62383927886026,Very Poor
459.56224108080926,Poor
426.69285728683934,Poor
42.0,Very Poor
42.0,Very Poor
42.0,Very Poor
486.1990966386555,Poor
42.0,Very Poor
42.0,Very Poor
42.0,Very Poor
82.0,Very Poor
54.0,Very Poor
442.0,Poor
117.8,Very Poor
34.59151515151513,Very Poor
113.17956043956045,Very Poor
56.85714285714287,Very Poor
42.0,Very Poor
522.7156556811128,Fair
674.129872502532,Fair
42.0,Very Poor
72.0,Very Poor
42.0,Very Poor
127.2783979622785,Very Poor
246.47306135070093,Poor
42.0,Very Poor
669.8227410875402,Fair
392.447872421696,Poor
42.0,Very Poor
576.3333425621169,Fair
911.0214999821578,Excellent
42.0,Very Poor
58.5,Very Poor
145.19792664959675,Very Poor
42.0,Very Poor
1000.0,Excellent
42.0,Very Poor
42.0,Very Poor
143.15414801992722,Very Poor
42.0,Very Poor
300.9397682340129,Poor
839.2094282477368,Good
56.85714285714287,Very Poor
42.0,Very Poor
71.91297924297918,Very Poor
106.30575172154404,Very Poor
689.810181799172,Fair
855.1550823533632,Good
81.13686868686868,Very Poor
367.2518977232536,Poor
54.0,Very Poor
62.0,Very Poor
510.7818811526679,Fair
775.6312603626737,Good
72.0,Very Poor
21.993833011816136,Very Poor
34.59151515151513,Very Poor
856.3209550613092,Good
116.84146722842368,Very Poor
198.7557843324659,Very Poor
42.0,Very Poor
42.0,Very Poor
63.91414965913819,Very Poor
998.11,Excellent
525.9061784320629,Fair
42.0,Very Poor
405.6480571093832,Poor
56.85714285714287,Very Poor
59.12666666666666,Very Poor
474.3867568853564,Poor
42.0,Very Poor
996.6478255856293,Excellent
440.22201321554223,Poor
42.0,Very Poor
584.3146067967122,Fair
42.0,Very Poor
117.07142857142875,Very Poor
42.0,Very Poor
102.0,Very Poor
442.0,Poor
90.29390469807483,Very Poor
71.10785714285709,Very Poor
168.92163232805663,Very Poor
987.9127018861755,Excellent
58.5,Very Poor
406.0708929026621,Poor
42.0,Very Poor
42.0,Very Poor
990.5922914848322,Excellent
442.0,Poor
562.0725741168789,Fair
42.0,Very Poor
32.0,Very Poor
69.6657142857143,Very Poor
641.8986731998765,Fair
92.0,Very Poor
72.0,Very Poor
42.0,Very Poor
706.7109557835678,Good
42.0,Very Poor
90.26556776556794,Very Poor
287.455024851704,Poor
1000.0,Excellent
495.0149571614153,Poor
72.0,Very Poor
741.3040993751532,Good
42.0,Very Poor
72.0,Very Poor
110.9236923076924,Very Poor
42.0,Very Poor
63.08,Very Poor
42.0,Very Poor
107.50588405797083,Very Poor
52.0,Very Poor
42.0,Very Poor
42.0,Very Poor
42.0,Very Poor
55.3333333333333,Very Poor
32.0,Very Poor
42.0,Very Poor
42.0,Very Poor
72.0,Very Poor
42.0,Very Poor
1000.0,Excellent
42.0,Very Poor
117.07142857142875,Very Poor
42.0,Very Poor
622.9052974698584,Fair
78.71047619047629,Very Poor
253.12024157390482,Poor
42.0,Very Poor
442.0,Poor
42.0,Very Poor
42.0,Very Poor
108.71735673683062,Very Poor
467.09962240015506,Poor
102.0,Very Poor
558.4217874093196,Fair
42.0,Very Poor
1000.0,Excellent
235.76777752328738,Poor
42.0,Very Poor
151.01397339143594,Very Poor
42.0,Very Poor
64.24888888888889,Very Poor
42.0,Very Poor
92.0,Very Poor
42.0,Very Poor
427.11815314315317,Poor
42.0,Very Poor
906.1865930672386,Excellent
62.0,Very Poor
72.0,Very Poor
292.17278867102397,Poor
42.0,Very Poor
77.81169830169843,Very Poor
559.635,Fair
735.6102019650211,Good
999.0725,Excellent
54.0,Very Poor
491.5966666666666,Poor
114.05543254299792,Very Poor
42.0,Very Poor
54.0,Very Poor
42.0,Very Poor
129.0909371425502,Very Poor
945.1048507044185,Excellent
1000.0,Excellent
72.0,Very Poor
520.4297916694634,Fair
42.0,Very Poor
584.6675413358768,Fair
62.0,Very Poor
186.01587256907894,Very Poor
42.0,Very Poor
134.52181735837422,Very Poor
42.0,Very Poor
82.0,Very Poor
181.7048224324696,Very Poor
42.0,Very Poor
42.0,Very Poor
42.0,Very Poor
1000.0,Excellent
72.0,Very Poor
42.0,Very Poor
90.67898629148621,Very Poor
42.0,Very Poor
72.0,Very Poor
72.0,Very Poor
203.22136249075965,Poor
72.0,Very Poor
112.10758241758242,Very Poor
100.58341801774284,Very Poor
58.979779137044616,Very Poor
42.0,Very Poor
42.0,Very Poor
579.3535181344463,Fair
140.08517593932237,Very Poor
92.0,Very Poor
65.61651515151516,Very Poor
162.36507425036825,Very Poor
396.38078785463784,Poor
56.23099510850778,Very Poor
42.0,Very Poor
432.9456337952122,Poor
42.0,Very Poor
442.0,Poor
999.43,Excellent
42.0,Very Poor
102.24086239465268,Very Poor
42.0,Very Poor
42.0,Very Poor
42.0,Very Poor
1000.0,Excellent
92.0,Very Poor
54.0,Very Poor
132.77015949809567,Very Poor
75.82472008667666,Very Poor
273.02409891952925,Poor
801.3449386846999,Good
42.0,Very Poor
56.85714285714287,Very Poor
690.014581640646,Fair
555.6422433702917,Fair
77.81169830169843,Very Poor
435.61067621920563,Poor
42.0,Very Poor
42.0,Very Poor
102.79866300366301,Very Poor
539.8486722945853,Fair
42.0,Very Poor
442.0,Poor
161.29147010700615,Very Poor
511.17152236920106,Fair
42.0,Very Poor
442.0,Poor
748.052522309571,Good
107.09653990746102,Very Poor
32.0,Very Poor
710.3966486524994,Good
130.41675971538052,Very Poor
55.3333333333333,Very Poor
58.5,Very Poor
430.2,Poor
42.0,Very Poor
107.50588405797083,Very Poor
1000.0,Excellent
184.3080066565414,Very Poor
72.0,Very Poor
508.2837912740859,Fair
81.36200867241091,Very Poor
42.0,Very Poor
718.1402153424148,Good
42.0,Very Poor
32.0,Very Poor
42.0,Very Poor
968.773366778149,Excellent
42.0,Very Poor
42.0,Very Poor
42.0,Very Poor
1000.0,Excellent
442.0,Poor
334.88469360730136,Poor
757.3964548707123,Good
60.222222222222314,Very Poor
42.0,Very Poor
42.0,Very Poor
42.0,Very Poor
42.0,Very Poor
42.0,Very Poor
42.0,Very Poor
1000.0,Excellent
63.07333333333333,Very Poor
415.2345377279238,Poor
536.4,Fair
768.42,Good
42.0,Very Poor
42.0,Very Poor
162.9304482476994,Very Poor
42.0,Very Poor
72.0,Very Poor
463.1670299756269,Poor
1000.0,Excellent
111.60258092632024,Very Poor
42.0,Very Poor
42.0,Very Poor
62.01818181818182,Very Poor
42.0,Very Poor
292.17278867102397,Poor
42.0,Very Poor
442.0,Poor
1000.0,Excellent
629.6270756436546,Fair
971.8897394202899,Excellent
560.6964827074237,Fair
42.0,Very Poor
42.0,Very Poor
411.71,Poor
42.0,Very Poor
42.0,Very Poor
601.2006718762843,Fair
999.7859901800326,Excellent
597.6769559552644,Fair
58.5,Very Poor
91.04378019323663,Very Poor
520.8281325907814,Fair
42.0,Very Poor
307.4704079892824,Poor
72.0,Very Poor
1000.0,Excellent
534.1801917938587,Fair
54.0,Very Poor
62.0,Very Poor
289.6196127898836,Poor
1000.0,Excellent
961.8514921452868,Excellent
42.0,Very Poor
58.5,Very Poor
295.0331108873886,Poor
42.0,Very Poor
248.27379013256325,Poor
975.7930407526725,Excellent
1000.0,Excellent
103.7235164835165,Very Poor
845.8902895995762,Good
72.0,Very Poor
42.0,Very Poor
278.16956272317327,Poor
1000.0,Excellent
60.222222222222314,Very Poor
484.34676390551044,Poor
42.0,Very Poor
998.5419047619048,Excellent
845.0165611472648,Good
869.044481793607,Good
167.68386018576987,Very Poor
60.222222222222314,Very Poor
42.0,Very Poor
42.0,Very Poor
42.0,Very Poor
72.0,Very Poor
193.2428531272892,Very Poor
442.0,Poor
448.9840178031475,Poor
32.0,Very Poor
42.0,Very Poor
42.0,Very Poor
42.0,Very Poor
72.0,Very Poor
42.0,Very Poor
1000.0,Excellent
42.0,Very Poor
65.505,Very Poor
54.0,Very Poor
272.0145905865481,Poor
781.0583927290477,Good
42.0,Very Poor
42.0,Very Poor
590.7251128748484,Fair
72.0,Very Poor
981.1978040848601,Excellent
524.5537486715589,Fair
89.39726752779382,Very Poor
72.0,Very Poor
42.0,Very Poor
95.45946428571423,Very Poor
72.0,Very Poor
1000.0,Excellent
515.2283185634328,Fair
285.71831932773114,Poor
42.0,Very Poor
92.0,Very Poor
571.84825837288,Fair
398.27,Poor
74.06177933177945,Very Poor
720.15,Good
522.5,Fair
42.0,Very Poor
292.381913810744,Poor
969.6672876463942,Excellent
58.5,Very Poor
60.222222222222314,Very Poor
588.5140798177857,Fair
442.0,Poor
839.0564060820975,Good
81.76797655882052,Very Poor
42.0,Very Poor
42.0,Very Poor
42.0,Very Poor
42.0,Very Poor
38.95864661654136,Very Poor
1000.0,Excellent
110.97308296192982,Very Poor
446.2946744666252,Poor
60.222222222222314,Very Poor
647.989960790221,Fair
359.360450564761,Poor
1000.0,Excellent
389.7706696234623,Poor
891.3296593961263,Good
42.0,Very Poor
81.4642368742368,Very Poor
42.0,Very Poor
1000.0,Excellent
120.09142857142857,Very Poor
42.0,Very Poor
42.0,Very Poor
498.2453030303031,Poor
52.0,Very Poor
42.0,Very Poor
749.9541929183937,Good
251.06523240750306,Poor
90.67898629148621,Very Poor
234.20658106261584,Poor
72.0,Very Poor
111.7,Very Poor
442.0,Poor
618.8558863482885,Fair
92.0,Very Poor
538.9203316076615,Fair
164.89341884508656,Very Poor
42.0,Very Poor
92.0,Very Poor
42.0,Very Poor
55.3333333333333,Very Poor
42.0,Very Poor
42.0,Very Poor
66.61383362367886,Very Poor
68.31500000000011,Very Poor
432.14642857142854,Poor
42.0,Very Poor
42.0,Very Poor
433.9771428571429,Poor
42.0,Very Poor
62.0,Very Poor
63.81818181818192,Very Poor
72.0,Very Poor
105.43677871148464,Very Poor
42.0,Very Poor
42.0,Very Poor
518.0213076638864,Fair
364.7423193539889,Poor
42.0,Very Poor
42.0,Very Poor
144.12249291472202,Very Poor
42.0,Very Poor
442.0,Poor
571.6004333196752,Fair
458.94,Poor
1000.0,Excellent
526.7945884113878,Fair
96.54,Very Poor
32.0,Very Poor
78.93047619047618,Very Poor
257.23772305456146,Poor
544.1849495560974,Fair
42.0,Very Poor
32.0,Very Poor
841.915072836423,Good
42.0,Very Poor
62.0,Very Poor
42.0,Very Poor
42.0,Very Poor
436.7381538317664,Poor
55.3333333333333,Very Poor
727.3540170940172,Good
782.1121212121212,Good
691.7768252307983,Fair
281.9622407281485,Poor
42.0,Very Poor
42.0,Very Poor
42.0,Very Poor
16.174789622926887,Very Poor
42.0,Very Poor
892.5968119005561,Good
42.0,Very Poor
92.0,Very Poor
97.63684291866133,Very Poor
62.0,Very Poor
42.0,Very Poor
42.0,Very Poor
363.7252538469086,Poor
148.28855927332987,Very Poor
844.1439930567183,Good
42.0,Very Poor
129.242035064468,Very Poor
42.0,Very Poor
973.8128066378063,Excellent
130.41675971538052,Very Poor
72.0,Very Poor
32.0,Very Poor
42.0,Very Poor
670.6107203907202,Fair
55.3333333333333,Very Poor
52.666666666666686,Very Poor
425.36640272341583,Poor
899.3216952729543,Good
42.0,Very Poor
476.35490443344656,Poor
225.93289691985527,Poor
58.5,Very Poor
92.0,Very Poor
442.0,Poor
42.0,Very Poor
991.160195419769,Excellent
42.0,Very Poor
42.0,Very Poor
42.0,Very Poor
72.0,Very Poor
247.6135919668111,Poor
42.0,Very Poor
256.6586603897915,Poor
442.0,Poor
997.4955555555556,Excellent
72.0,Very Poor
80.46672077922074,Very Poor
42.0,Very Poor
136.82198843162857,Very Poor
58.5,Very Poor
442.0,Poor
42.0,Very Poor
72.0,Very Poor
594.979367284828,Fair
313.94288515406186,Poor
72.0,Very Poor
42.0,Very Poor
442.0,Poor
597.2115201246595,Fair
42.0,Very Poor
442.0,Poor
42.0,Very Poor
919.4788828677509,Excellent
42.0,Very Poor
42.0,Very Poor
42.0,Very Poor
95.15867063492058,Very Poor
1000.0,Excellent
42.0,Very Poor
42.0,Very Poor
42.0,Very Poor
362.2285953100608,Poor
42.0,Very Poor
87.07333333333332,Very Poor
32.0,Very Poor
1000.0,Excellent
54.0,Very Poor
42.0,Very Poor
72.0,Very Poor
42.0,Very Poor
42.0,Very Poor
118.69191586191577,Very Poor
482.5666437494378,Poor
58.5,Very Poor
42.0,Very Poor
442.0,Poor
363.9801353984838,Poor
97.82962003794654,Very Poor
1000.0,Excellent
532.0705849717034,Fair
42.0,Very Poor
764.759199206348,Good
76.55349206349217,Very Poor
42.0,Very Poor
72.0,Very Poor
42.0,Very Poor
507.3866419620952,Fair
72.0,Very Poor
42.0,Very Poor
377.05569171972877,Poor
42.0,Very Poor
423.1754795319617,Poor
142.72043935176765,Very Poor
619.2167902652902,Fair
72.0,Very Poor
55.3333333333333,Very Poor
782.3677584461911,Good
354.0849114892479,Poor
42.0,Very Poor
403.41634986351573,Poor
70.27439393939405,Very Poor
565.2719066976389,Fair
115.29135209842966,Very Poor
629.0174081377398,Fair
749.4422222222222,Good
1000.0,Excellent
92.0,Very Poor
56.85714285714287,Very Poor
79.22398229221767,Very Poor
657.0878748023035,Fair
1000.0,Excellent
42.0,Very Poor
756.6909406445661,Good
42.0,Very Poor
42.0,Very Poor
1000.0,Excellent
1000.0,Excellent
987.7369477615608,Excellent
42.0,Very Poor
42.0,Very Poor
76.2518181818182,Very Poor
531.4,Fair
78.94930194805197,Very Poor
54.0,Very Poor
32.0,Very Poor
42.0,Very Poor
41.92,Very Poor
295.65623435704094,Poor
432.6128571428571,Poor
194.4,Very Poor
1000.0,Excellent
42.0,Very Poor
42.0,Very Poor
42.0,Very Poor
72.0,Very Poor
42.0,Very Poor
72.0,Very Poor
992.5404370774252,Excellent
442.0,Poor
997.4378589968683,Excellent
72.0,Very Poor
922.6422791745322,Excellent
32.0,Very Poor
54.0,Very Poor
72.0,Very Poor
442.0,Poor
42.0,Very Poor
224.32433082086857,Poor
42.0,Very Poor
72.0,Very Poor
32.0,Very Poor
452.32812653369103,Poor
42.0,Very Poor
42.0,Very Poor
59.19546020722223,Very Poor
1000.0,Excellent
362.5535259235171,Poor
478.27996351384553,Poor
72.0,Very Poor
77.81169830169843,Very Poor
42.0,Very Poor
1000.0,Excellent
182.42685298186822,Very Poor
63.04666666666671,Very Poor
919.5898120300766,Excellent
69.52333333333333,Very Poor
72.0,Very Poor
42.0,Very Poor
42.0,Very Poor
434.6226848734158,Poor
482.9522222222222,Poor
42.0,Very Poor
890.9013008779478,Good
54.0,Very Poor
1000.0,Excellent
42.0,Very Poor
393.41781774665947,Poor
42.0,Very Poor
296.95354037267083,Poor
517.0494835292052,Fair
72.0,Very Poor
32.0,Very Poor
249.18513612804492,Poor
42.0,Very Poor
593.9436559955798,Fair
42.0,Very Poor
72.0,Very Poor
42.0,Very Poor
62.0,Very Poor
42.0,Very Poor
294.67488268982,Poor
239.390816598808,Poor
42.0,Very Poor
42.0,Very Poor
89.67814527260174,Very Poor
42.0,Very Poor
58.5,Very Poor
436.3014285714286,Poor
147.33396248993998,Very Poor
732.9180694009716,Good
20.149315568332597,Very Poor
135.5256037816176,Very Poor
42.0,Very Poor
53.03,Very Poor
1000.0,Excellent
42.0,Very Poor
42.0,Very Poor
72.0,Very Poor
42.0,Very Poor
783.7854876469952,Good
970.6279635519517,Excellent
117.07142857142875,Very Poor
672.2247067388282,Fair
615.305878497734,Fair
369.84579345907645,Poor
968.1197643387958,Excellent
442.78,Poor
442.0,Poor
149.64732341893927,Very Poor
455.68576746729997,Poor
1000.0,Excellent
984.5694080138366,Excellent
52.666666666666686,Very Poor
91.74341269841266,Very Poor
271.7610109503441,Poor
52.14651097440571,Very Poor
4.45,Very Poor
42.0,Very Poor
379.13344438170526,Poor
141.66147354141813,Very Poor
162.32850116948302,Very Poor
105.46327067669174,Very Poor
681.0944640105502,Fair
106.3892459634711,Very Poor
32.0,Very Poor
42.0,Very Poor
259.8253467186329,Poor
1000.0,Excellent
442.0,Poor
362.46992624758764,Poor
72.0,Very Poor
42.0,Very Poor
471.554342519645,Poor
616.0669573759573,Fair
71.94097308488612,Very Poor
42.0,Very Poor
758.3108500628471,Good
32.0,Very Poor
607.3289222729684,Fair
60.222222222222314,Very Poor
114.23500287563743,Very Poor
42.0,Very Poor
62.0,Very Poor
42.0,Very Poor
42.0,Very Poor
416.7092269263725,Poor
72.0,Very Poor
42.0,Very Poor
42.0,Very Poor
72.0,Very Poor
42.0,Very Poor
404.23922926134867,Poor
591.8008134599509,Fair
42.0,Very Poor
42.0,Very Poor
389.45626853903633,Poor
336.77871275278363,Poor
485.2573809523806,Poor
615.8928838129275,Fair
58.5,Very Poor
722.6434581643438,Good
54.0,Very Poor
208.0832677888089,Poor
69.00247474747476,Very Poor
55.3333333333333,Very Poor
475.03054621848736,Poor
42.0,Very Poor
442.0,Poor
42.0,Very Poor
42.0,Very Poor
901.298399372786,Excellent
42.0,Very Poor
980.1500373805836,Excellent
1000.0,Excellent
42.0,Very Poor
305.690011647424,Poor
92.0,Very Poor
92.0,Very Poor
42.0,Very Poor
72.0,Very Poor
72.0,Very Poor
42.0,Very Poor
425.03752227944926,Poor
56.85714285714287,Very Poor
75.67808746808745,Very Poor
119.1,Very Poor
238.63342925634242,Poor
42.0,Very Poor
42.0,Very Poor
136.24706841981654,Very Poor
42.0,Very Poor
54.0,Very Poor
450.90709841530696,Poor
42.0,Very Poor
42.0,Very Poor
32.0,Very Poor
42.0,Very Poor
749.9475806217597,Good
691.17357659759,Fair
656.7563977806309,Fair
58.5,Very Poor
42.0,Very Poor
72.0,Very Poor
249.71309959218354,Poor
345.7111093069653,Poor
509.76686256798484,Fair
58.5,Very Poor
71.74974183711025,Very Poor
887.7962765144393,Good
42.0,Very Poor
486.95672586909126,Poor
104.73238095238098,Very Poor
72.0,Very Poor
442.0,Poor
595.6548856393912,Fair
42.0,Very Poor
42.0,Very Poor
550.5328385938938,Fair
145.57511204481779,Very Poor
72.0,Very Poor
42.0,Very Poor
999.7859901800326,Excellent
427.205,Poor
522.4815238950289,Fair
32.0,Very Poor
141.62615384615384,Very Poor
42.0,Very Poor
72.0,Very Poor
1000.0,Excellent
42.0,Very Poor
42.0,Very Poor
42.0,Very Poor
831.3065656565655,Good
474.0467656998962,Poor
260.94131617657723,Poor
442.0,Poor
72.0,Very Poor
977.7986392166528,Excellent
557.430584712669,Fair
60.222222222222314,Very Poor
1000.0,Excellent
60.222222222222314,Very Poor
42.0,Very Poor
42.0,Very Poor
216.22485779221387,Poor
137.2458646102955,Very Poor
72.0,Very Poor
55.3333333333333,Very Poor
42.0,Very Poor
85.13422642574815,Very Poor
72.0,Very Poor
42.0,Very Poor
42.0,Very Poor
42.0,Very Poor
52.14651097440571,Very Poor
474.9952261095782,Poor
970.3802237652758,Excellent
216.6593725544885,Poor
294.67307715143653,Poor
66.0,Very Poor
38.862222222222215,Very Poor
402.67798305474,Poor
999.3738888888889,Excellent
796.5391304347816,Good
581.8314447215474,Fair
42.0,Very Poor
58.5,Very Poor
42.0,Very Poor
42.0,Very Poor
72.0,Very Poor
442.0,Poor
353.7033887004358,Poor
72.0,Very Poor
42.0,Very Poor
42.0,Very Poor
42.0,Very Poor
42.0,Very Poor
72.0,Very Poor
302.0167109289492,Poor
68.31500000000011,Very Poor
442.0,Poor
504.24401546823856,Fair
42.0,Very Poor
42.0,Very Poor
72.0,Very Poor
201.99368974958946,Poor
921.6892925734762,Excellent
482.35590508667224,Poor
52.666666666666686,Very Poor
981.4655811428061,Excellent
42.0,Very Poor
72.0,Very Poor
42.0,Very Poor
140.94766770712545,Very Poor
364.7227502806017,Poor
803.7903363594617,Good
707.7304859995312,Good
463.0395300207039,Poor
42.0,Very Poor
382.2317191994399,Poor
42.0,Very Poor
85.71333333333332,Very Poor
72.0,Very Poor
42.0,Very Poor
54.0,Very Poor
997.8213136933988,Excellent
652.9624246103467,Fair
54.0,Very Poor
32.0,Very Poor
52.0,Very Poor
659.1128284276111,Fair
72.0,Very Poor
42.0,Very Poor
55.3333333333333,Very Poor
42.0,Very Poor
107.50588405797083,Very Poor
509.81580456341436,Fair
130.41675971538052,Very Poor
42.0,Very Poor
58.5,Very Poor
909.9382844773389,Excellent
42.0,Very Poor
58.430187288874365,Very Poor
730.6690853392121,Good
69.37267399267407,Very Poor
62.0,Very Poor
42.0,Very Poor
1000.0,Excellent
568.6185781203393,Fair
703.1472776384203,Good
442.0,Poor
42.0,Very Poor
999.3188095238095,Excellent
464.5951270293064,Poor
754.7747644385606,Good
303.7688894110893,Poor
42.0,Very Poor
444.11521378473446,Poor
42.0,Very Poor
353.174471378295,Poor
545.1782839182181,Fair
957.2975,Excellent
117.79037690379805,Very Poor
411.71,Poor
66.0,Very Poor
42.0,Very Poor
32.0,Very Poor
42.0,Very Poor
478.7752656945966,Poor
826.6160145811003,Good
880.5894749060092,Good
594.1575106962437,Fair
55.3333333333333,Very Poor
1000.0,Excellent
134.38932787494522,Very Poor
42.0,Very Poor
103.26770011148288,Very Poor
42.0,Very Poor
363.02681885622536,Poor
58.5,Very Poor
42.0,Very Poor
42.0,Very Poor
62.0,Very Poor
42.0,Very Poor
293.80073744504824,Poor
999.145,Excellent
72.0,Very Poor
820.5727331858867,Good
932.1547262731881,Excellent
275.8445017720353,Poor
203.84123737373736,Poor
42.0,Very Poor
198.2677806502019,Very Poor
7.429778779479124,Very Poor
105.80840383891466,Very Poor
42.0,Very Poor
56.85714285714287,Very Poor
749.4422222222222,Good
54.0,Very Poor
62.0,Very Poor
615.0305589241797,Fair
42.0,Very Poor
504.18182241811047,Fair
240.12,Poor
257.36211180124224,Poor
56.85714285714287,Very Poor
55.3333333333333,Very Poor
42.0,Very Poor
999.143960720131,Excellent
42.0,Very Poor
149.54810648384944,Very Poor
501.3567886163474,Fair
188.58133949174157,Very Poor
42.0,Very Poor
82.0,Very Poor
55.3333333333333,Very Poor
42.0,Very Poor
144.7554378273956,Very Poor
42.0,Very Poor
560.315490867517,Fair
159.9999821746879,Very Poor
90.32748218667857,Very Poor
996.48,Excellent
121.02650508497902,Very Poor
562.6089854554214,Fair
52.666666666666686,Very Poor
1000.0,Excellent
690.8485521336792,Fair
42.0,Very Poor
54.0,Very Poor
42.0,Very Poor
873.2356008787245,Good
62.0,Very Poor
209.56467033923937,Poor
117.07142857142875,Very Poor
791.8195461992868,Good
560.6986448894902,Fair
42.0,Very Poor
42.0,Very Poor
714.9551182175774,Good
865.6192815543368,Good
42.46634920634915,Very Poor
42.0,Very Poor
1000.0,Excellent
32.0,Very Poor
72.0,Very Poor
999.0417142857143,Excellent
843.9705689804583,Good
42.0,Very Poor
42.0,Very Poor
899.3709245697053,Good
42.0,Very Poor
153.335,Very Poor
165.87697319136106,Very Poor
42.0,Very Poor
717.4071678154654,Good
343.26086508369605,Poor
72.0,Very Poor
23.81959383753502,Very Poor
637.0554250047446,Fair
55.3333333333333,Very Poor
92.4773120300752,Very Poor
679.825836940837,Fair
62.0,Very Poor
72.0,Very Poor
91.87,Very Poor
481.19794817927175,Poor
563.7854586984907,Fair
42.0,Very Poor
111.7,Very Poor
58.5,Very Poor
42.0,Very Poor
1000.0,Excellent
42.0,Very Poor
42.0,Very Poor
42.0,Very Poor
789.3357809377619,Good
596.7857728732992,Fair
42.0,Very Poor
64.04,Very Poor
42.0,Very Poor
72.0,Very Poor
42.0,Very Poor
193.8882327454966,Very Poor
92.36,Very Poor
42.0,Very Poor
559.4937903700685,Fair
202.96942674834784,Poor
53.03,Very Poor
42.0,Very Poor
42.0,Very Poor
106.34384324161198,Very Poor
119.1,Very Poor
42.0,Very Poor
332.16130683516354,Poor
42.0,Very Poor
170.5343629243718,Very Poor
935.4316305916304,Excellent
496.45060914985004,Poor
42.0,Very Poor
72.0,Very Poor
92.0,Very Poor
54.0,Very Poor
72.0,Very Poor
142.260759088976,Very Poor
83.93547270376678,Very Poor
71.10785714285709,Very Poor
42.0,Very Poor
513.0671717841751,Fair
42.0,Very Poor
72.0,Very Poor
52.666666666666686,Very Poor
72.0,Very Poor
65.66666666666674,Very Poor
72.0,Very Poor
452.59531746031746,Poor
66.0,Very Poor
205.56782284725026,Poor
72.0,Very Poor
55.3333333333333,Very Poor
461.11627130344556,Poor
1000.0,Excellent
771.0650463164322,Good
1000.0,Excellent
217.4384763087425,Poor
42.0,Very Poor
62.0,Very Poor
554.9983926680952,Fair
42.0,Very Poor
54.0,Very Poor
42.0,Very Poor
52.0,Very Poor
130.6646153846154,Very Poor
409.92615184884426,Poor
369.61653611278876,Poor
58.5,Very Poor
775.0170298691842,Good
169.1439028543023,Very Poor
490.26706164555117,Poor
141.62615384615384,Very Poor
42.0,Very Poor
34.9078787878788,Very Poor
275.82399572649547,Poor
42.0,Very Poor
186.01460698289776,Very Poor
1000.0,Excellent
84.06333333333332,Very Poor
155.94938521040015,Very Poor
665.6588860574813,Fair
79.10499999999999,Very Poor
56.85714285714287,Very Poor
71.2230036630036,Very Poor
32.0,Very Poor
32.0,Very Poor
534.9918824646147,Fair
1000.0,Excellent
518.7634388500575,Fair
42.0,Very Poor
42.0,Very Poor
42.0,Very Poor
55.3333333333333,Very Poor
120.09142857142857,Very Poor
1000.0,Excellent
927.9111640691474,Excellent
42.0,Very Poor
42.0,Very Poor
42.0,Very Poor
42.0,Very Poor
1000.0,Excellent
463.53173322258556,Poor
549.733850917601,Fair
105.30132575721434,Very Poor
817.3043478260863,Good
847.9217580962643,Good
539.3843411109644,Fair
72.0,Very Poor
72.0,Very Poor
458.9305653170363,Poor
42.0,Very Poor
1000.0,Excellent
764.0716334072432,Good
873.9910606299659,Good
1000.0,Excellent
666.6268308702793,Fair
56.85714285714287,Very Poor
809.1209625574608,Good
53.03,Very Poor
995.5895017400901,Excellent
545.4181190476191,Fair
42.0,Very Poor
476.4424777227903,Poor
55.3333333333333,Very Poor
140.41761554159697,Very Poor
42.0,Very Poor
42.0,Very Poor
42.0,Very Poor
42.0,Very Poor
63.81818181818192,Very Poor
56.85714285714287,Very Poor
42.0,Very Poor
619.8782117746371,Fair
873.6023823666184,Good
636.5679071989274,Fair
364.67690062572893,Poor
42.0,Very Poor
69.00247474747476,Very Poor
81.13686868686868,Very Poor
125.62305618656691,Very Poor
423.00776251476884,Poor
42.0,Very Poor
42.0,Very Poor
58.5,Very Poor
32.0,Very Poor
54.0,Very Poor
42.0,Very Poor
743.3022035885512,Good
1000.0,Excellent
42.0,Very Poor
994.2062052973902,Excellent
68.31500000000011,Very Poor
576.2052753561616,Fair
713.6168084029953,Good
179.47794756451424,Very Poor
72.0,Very Poor
102.0,Very Poor
928.3975,Excellent
415.99804528804526,Poor
90.87807692307702,Very Poor
42.0,Very Poor
42.0,Very Poor
715.0884230171598,Good
42.0,Very Poor
101.03311355311357,Very Poor
3.0,Very Poor
754.4521081244228,Good
42.0,Very Poor
66.0,Very Poor
42.0,Very Poor
996.8075,Excellent
41.92,Very Poor
72.0,Very Poor
373.6840986589585,Poor
82.0,Very Poor
1000.0,Excellent
76.16857142857143,Very Poor
295.0738095238097,Poor
72.0,Very Poor
72.0,Very Poor
531.4,Fair
42.0,Very Poor
102.0,Very Poor
42.0,Very Poor
56.85714285714287,Very Poor
42.0,Very Poor
981.4038217933954,Excellent
82.0,Very Poor
629.6609072358883,Fair
72.0,Very Poor
172.87245323153465,Very Poor
442.0,Poor
839.293537438558,Good
161.25895508000772,Very Poor
444.12026862026926,Poor
42.0,Very Poor
42.0,Very Poor
42.0,Very Poor
42.0,Very Poor
163.2866666666667,Very Poor
102.54,Very Poor
588.5986994963195,Fair
1000.0,Excellent
